[  
    {  
      "name":"Algorithms"
    },
    {  
      "name":"Artificial intelligence"
    },
    {  
      "name":"Android developer"
    },
    {  
      "name":"Automation"
    },
    {  
      "name":"API expert"
    },
    {  
      "name":"cloud computing"
    },
    {  
      "name":"coding"
    },
    {  
      "name":"content menagement "
    },
    {  
      "name":"content writer"
    },
    {  
      "name":"database menagement"
    },
    {  
      "name":"database Development"
    },
    {  
      "name":"data mining"
    },
    {  
      "name":"Digital advertising "
    },
    {  
      "name":"Ecommerce"
    },
    {  
      "name":"Embedded system "
    },
    {  
      "name":"Game Development"
    },
    {  
      "name":"Graphic Designing"
    },
    {  
      "name":"Machine learning"
    },
    {  
      "name":"Mobile App Development"
    },
    {  
      "name":"Networking "
    },
    {  
      "name":"Network Management"
    },
    {  
      "name":"Programming Language"
    },
    {  
      "name":"Project Management"
    },
    {  
      "name":"Quality Assurance"
    },
    {  
      "name":"Software Development"
    },
    {  
      "name":"Software Architecture"
    },
    {  
      "name":"Software Designer"
    },
    {  
      "name":"Software Testing"
    },
    {  
      "name":"Web Designer"
    },
    {  
      "name":"Web Development"
    }
]