[
    {
    "name":"Afghanistan",
    "phoneCode":"+93",
    "capital":"Kabul",
    "abbr":"AFG"
    },
    {
    "name":"Albania",
    "phoneCode":"+355",
    "capital":"Tirana",
    "abbr":"ALB"
    },
    {
    "name":"Algeria",
    "phoneCode":"+213",
    "capital":"Algiers",
    "abbr":"DZA"
    },
    {
    "name":"American Samoa",
    "phoneCode":"+1-684",
    "capital":"Pago Pago",
    "abbr":"ASM"
    },
    {
    "name":"Andorra",
    "phoneCode":"+376",
    "capital":"Andorra la Vella",
    "abbr":"AND"
    },
    {
    "name":"Angola",
    "phoneCode":"+244",
    "capital":"Luanda",
    "abbr":"AGO"
    },
    {
    "name":"Anguilla",
    "phoneCode":"+1-264",
    "capital":"‎The Valley",
    "abbr":"AIA"
    },
    {
    "name":"Antigua and Barbuda",
    "phoneCode":"+1-268",
    "capital":"Saint John's",
    "abbr":"ATG"
    },
    {
    "name":"Argentina",
    "phoneCode":"+54",
    "capital":"Buenos Aires",
    "abbr":"ARG"
    },
    {
    "name":"Armenia",
    "phoneCode":"+374",
    "capital":"Yerevan",
    "abbr":"ARM"
    },
    {
    "name":"Aruba",
    "phoneCode":"+297",
    "capital":"Oranjestad",
    "abbr":"ABW"
    },
    {
    "name":"Australia",
    "phoneCode":"+61",
    "capital":"Canberra",
    "abbr":"AUS"
    },
    {
    "name":"Austria",
    "phoneCode":"+43",
    "capital":"Vienna",
    "abbr":"AUT"
    },
    {
    "name":"Azerbaijan",
    "phoneCode":"+994",
    "capital":"Baku",
    "abbr":"AZE"
    },
    {
    "name":"Bahamas",
    "phoneCode":"+1-242",
    "capital":"Nassau",
    "abbr":"BHM"
    },
    {
    "name":"Bahrain",
    "phoneCode":"+973",
    "capital":"Manama",
    "abbr":"BHR"
    },
    {
    "name":"Bangladesh",
    "phoneCode":"+880",
    "capital":"Dhaka",
    "abbr":"BGD"
    },
    {
    "name":"Barbados",
    "phoneCode":"+1-246",
    "capital":"Bridgetown",
    "abbr":"BRB"
    },
    {
    "name":"Belarus",
    "phoneCode":"+375",
    "capital":"Minsk",
    "abbr":"BLR"
    },
    {
    "name":"Belgium",
    "phoneCode":"+32",
    "capital":"Brussels",
    "abbr":"BEL"
    },
    {
    "name":"Belize",
    "phoneCode":"+501",
    "capital":"Belmopan",
    "abbr":"BLZ"
    },
    {
    "name":"Benin",
    "phoneCode":"+229",
    "capital":"Porto-Novo",
    "abbr":"BEN"
    },
    {
    "name":"Bermuda",
    "phoneCode":"+1-441",
    "capital":"Hamilton",
    "abbr":"BMU"
    },
    {
    "name":"Bhutan",
    "phoneCode":"+975",
    "capital":"Thimphu",
    "abbr":"BTN"
    },
    {
    "name":"Bolivia",
    "phoneCode":"+591",
    "capital":"Sucre,La Paz",
    "abbr":"BOL"
    },
    {
    "name":"Bonaire, Sint Eustatius and Saba",
    "phoneCode":"+599",
    "capital":"Caribbean Netherlands",
    "abbr":"BES"
    },
    {
    "name":"Bosnia and Herzegovina",
    "phoneCode":"+387",
    "capital":"Sarajevo",
    "abbr":"BIH"
    },
    {
    "name":"Botswana",
    "phoneCode":"+267",
    "capital":"Gaborone",
    "abbr":"BWA"
    },
    {
    "name":"Brazil",
    "phoneCode":"+55",
    "capital":"Brasilia",
    "abbr":"BRA"
    },
    {
    "name":"British Indian Ocean Territory",
    "phoneCode":"+246",
    "capital":"British Colony, Indian Ocean",
    "abbr":"IOT"
    },
    {
    "name":"British Virgin Islands",
    "phoneCode":"+1-284",
    "capital":"RoadTown",
    "abbr":"VGB"
    },
    {
    "name":"Brunei Darussalam",
    "phoneCode":"+673",
    "capital":"Brunei",
    "abbr":"BRN"
    },
    {
    "name":"Bulgaria",
    "phoneCode":"+359",
    "capital":"Sofia",
    "abbr":"BGR"
    },
    {
    "name":"Burkina Faso",
    "phoneCode":"+226",
    "capital":"Ouagadougou",
    "abbr":"BFA"
    },
    {
    "name":"Burundi",
    "phoneCode":"+257",
    "capital":"Gitega",
    "abbr":"BDI"
    },
    {
    "name":"Cabo Verde",
    "phoneCode":"+238",
    "capital":"Praia",
    "abbr":"CPV"
    },
    {
    "name":"Cambodia",
    "phoneCode":"+855",
    "capital":"Phnom Penh",
    "abbr":"KHM"
    },
    {
    "name":"Cameroon",
    "phoneCode":"+237",
    "capital":"Yaounde",
    "abbr":"CMR"
    },
    {
    "name":"Canada",
    "phoneCode":"+1",
    "capital":"Ottawa",
    "abbr":"CAN"
    },
    {
    "name":"Cayman Islands",
    "phoneCode":"+1-345",
    "capital":"George Town",
    "abbr":"CYM"
    },
    {
    "name":"Central African Republic",
    "phoneCode":"+236",
    "capital":"Bangui",
    "abbr":"CAF"
    },
    {
    "name":"Chad",
    "phoneCode":"+235",
    "capital":"N'Djamena",
    "abbr":"TCD"
    },
    {
    "name":"Chile",
    "phoneCode":"+56",
    "capital":"Santiago",
    "abbr":"CHL"
    },
    {
    "name":"China",
    "phoneCode":"+86",
    "capital":"Beijing",
    "abbr":"CHN"
    },
    {
    "name":"Colombia",
    "phoneCode":"+57",
    "capital":"Bogotá",
    "abbr":"COL"
    },
    {
    "name":"Comoros",
    "phoneCode":"+269",
    "capital":"Moroni",
    "abbr":"COM"
    },
    {
    "name":"Cook Islands",
    "phoneCode":"+682",
    "capital":"Avarua",
    "abbr":"COK"
    },
    {
    "name":"Costa Rica",
    "phoneCode":"+506",
    "capital":"San Jose",
    "abbr":"CRI"
    },
    {
    "name":"Côte dIvoire",
    "phoneCode":"+225",
    "capital":"Yamoussoukro",
    "abbr":"CIV"
    },
    {
    "name":"Croatia",
    "phoneCode":"+385",
    "capital":"Zagreb",
    "abbr":"HRV"
    },
    {
    "name":"Cuba",
    "phoneCode":"+53",
    "capital":"Havana",
    "abbr":"CUB"
    },
    {
    "name":"Curaçao",
    "phoneCode":"+599",
    "capital":"Willemstad",
    "abbr":"CUW"
    },
    {
    "name":"Cyprus",
    "phoneCode":"+357",
    "capital":"Nicosia",
    "abbr":"CYP"
    },
    {
    "name":"Czechia",
    "phoneCode":"+420",
    "capital":"Prague",
    "abbr":"CZE"
    },
    {
    "name":"Democratic Republic Of The Congo",
    "phoneCode":"+243",
    "capital":"Kinshasa",
    "abbr":"DNK"
    },
    {
    "name":"Denmark",
    "phoneCode":"+45",
    "capital":"Copenhagen",
    "abbr":"DNK"
    },
    {
    "name":"Djibouti",
    "phoneCode":"+253",
    "capital":"Djibouti (city)",
    "abbr":"DJI"
    },
    {
    "name":"Dominica",
    "phoneCode":"+1-767",
    "capital":"Roseau",
    "abbr":"DMA"
    },
    {
    "name":"Dominican Republic",
    "phoneCode":"+1-809",
    "capital":"Santo Domingo",
    "abbr":"DOM"
    },
    {
    "name":"Ecuador",
    "phoneCode":"+593",
    "capital":"Quito",
    "abbr":"ECU"
    },
    {
    "name":"Egypt",
    "phoneCode":"+20",
    "capital":"Cairo",
    "abbr":"EGY"
    },
    {
    "name":"El Salvador",
    "phoneCode":"+503",
    "capital":"San Salvador",
    "abbr":"SLV"
    },
    {
    "name":"Equatorial Guinea",
    "phoneCode":"+240",
    "capital":"Malabo,Oyala",
    "abbr":"GNQ"
    },
    {
    "name":"Eritrea",
    "phoneCode":"+291",
    "capital":"Asmara",
    "abbr":"ERI"
    },
    {
    "name":"Estonia",
    "phoneCode":"+372",
    "capital":"Tallinn",
    "abbr":"EST"
    },
    {
    "name":"Ethiopia",
    "phoneCode":"+251",
    "capital":"Addis Ababa",
    "abbr":"ETH"
    },
    {
    "name":"Falkland Islands",
    "phoneCode":"+500",
    "capital":"FK",
    "abbr":"FLK"
    },
    {
    "name":"Faroe Islands",
    "phoneCode":"+298",
    "capital":"STANLEY",
    "abbr":"FRO"
    },
    {
    "name":"Federated States of Micronesia",
    "phoneCode":"+691",
    "capital":"Palikir",
    "abbr":"FSM"
    },
    {
    "name":"Fiji",
    "phoneCode":"+679",
    "capital":"Suva",
    "abbr":"FJI"
    },
    {
    "name":"Finland",
    "phoneCode":"+358",
    "capital":"Helsinki",
    "abbr":"FIN"
    },
    {
    "name":"France",
    "phoneCode":"+33",
    "capital":"Paris",
    "abbr":"FRA"
    },
    {
    "name":"French Guiana",
    "phoneCode":"+594",
    "capital":"Cayenne",
    "abbr":"GUF"
    },
    {
    "name":"French Polynesia",
    "phoneCode":"+689",
    "capital":"Papeete",
    "abbr":"PYF"
    },
    {
    "name":"Gabon",
    "phoneCode":"+241",
    "capital":"Libreville",
    "abbr":"GAB"
    },
    {
    "name":"Gambia",
    "phoneCode":"+220",
    "capital":"Banjul",
    "abbr":"GAM"
    },
    {
    "name":"Georgia",
    "phoneCode":"+995",
    "capital":"Tbilisi",
    "abbr":"GEO"
    },
    {
    "name":"Germany",
    "phoneCode":"+49",
    "capital":"Berlin",
    "abbr":"DEU"
    },
    {
    "name":"Ghana",
    "phoneCode":"+233",
    "capital":"Accra",
    "abbr":"GHA"
    },
    {
    "name":"Gibraltar",
    "phoneCode":"+350",
    "capital":"Gibraltar",
    "abbr":"GIB"
    },
    {
    "name":"Greece",
    "phoneCode":"+30",
    "capital":"Athens",
    "abbr":"GRC"
    },
    {
    "name":"Greenland",
    "phoneCode":"+299",
    "capital":"Nuuk",
    "abbr":"GRL"
    },
    {
    "name":"Grenada",
    "phoneCode":" +1-473",
    "capital":"Saint George's",
    "abbr":"GRD"
    },
    {
    "name":"Guadeloupe",
    "phoneCode":"+590",
    "capital":"Basse-Terre",
    "abbr":"GLP"
    },
    {
    "name":"Guam",
    "phoneCode":"+1-671",
    "capital":"Hagatna",
    "abbr":"GUM"
    },
    {
    "name":"Guatemala",
    "phoneCode":"+502",
    "capital":"Guatemala City",
    "abbr":"GTM"
    },
    {
    "name":"Guinea",
    "phoneCode":"+224",
    "capital":"Conakry",
    "abbr":"GIN"
    },
    {
    "name":"Guinea-Bissau",
    "phoneCode":"+245",
    "capital":"Bissau",
    "abbr":"GNB"
    },
    {
    "name":"Guyana",
    "phoneCode":"+592",
    "capital":"Georgetown",
    "abbr":"GUY"
    },
    {
    "name":"Haiti",
    "phoneCode":"+509",
    "capital":"Port-au-Prince",
    "abbr":"HTI"
    },
    {
    "name":"Honduras",
    "phoneCode":"+504",
    "capital":"Tegucigalpa",
    "abbr":"HND"
    },
    {
    "name":"Hong Kong",
    "phoneCode":"+852",
    "capital":"Hong Kong",
    "abbr":"HKG"
    },
    {
    "name":"Hungary",
    "phoneCode":"+36",
    "capital":"Budapest",
    "abbr":"HUN"
    },
    {
    "name":"Iceland",
    "phoneCode":"+354",
    "capital":"Reykjavik",
    "abbr":"ISL"
    },
    {
    "name":"India",
    "phoneCode":"+91",
    "capital":"New Delhi",
    "abbr":"IND"
    },
    {
    "name":"Indonesia",
    "phoneCode":"+62",
    "capital":"Jakarta",
    "abbr":"IDN"
    },
    {
    "name":"Iran",
    "phoneCode":"+98",
    "capital":"Tehran",
    "abbr":"IRN"
    },
    {
    "name":"Iraq",
    "phoneCode":"+964",
    "capital":"Baghdad",
    "abbr":"IRQ"
    },
    {
    "name":"Ireland",
    "phoneCode":"+353",
    "capital":"Dublin",
    "abbr":"IRL"
    },
    {
    "name":"Israel",
    "phoneCode":"+972",
    "capital":"Jerusalem",
    "abbr":"ISR"
    },
    {
    "name":"Italy",
    "phoneCode":"+39",
    "capital":"Rome",
    "abbr":"ITA"
    },
    {
    "name":"Jamaica",
    "phoneCode":"+1-876",
    "capital":"Kingston",
    "abbr":"JAM"
    },
    {
    "name":"Japan",
    "phoneCode":"+81",
    "capital":"Tokyo",
    "abbr":"JPN"
    },
    {
    "name":"Jordan",
    "phoneCode":"+962",
    "capital":"Amman",
    "abbr":"JOR"
    },
    {
    "name":"Kazakhstan",
    "phoneCode":"+7",
    "capital":"Nur-Sultan",
    "abbr":"KAZ"
    },
    {
    "name":"Kenya",
    "phoneCode":"+254",
    "capital":"Nairobi",
    "abbr":"KEN"
    },
    {
    "name":"Kiribati",
    "phoneCode":"+686",
    "capital":"Tarawa",
    "abbr":"KIR"
    },
    {
    "name":"Kosovo",
    "phoneCode":"+383",
    "capital":"Pristina",
    "abbr":"KIR"
    },
    {
    "name":"Kuwait",
    "phoneCode":"+965",
    "capital":"Kuwait City",
    "abbr":"KWT"
    },
    {
    "name":"Kyrgyzstan",
    "phoneCode":"+996",
    "capital":"Bishkek",
    "abbr":"KGZ"
    },
    {
    "name":"Laos",
    "phoneCode":"+856",
    "capital":"Vientiane",
    "abbr":"LAO"
    },
    {
    "name":"Latvia",
    "phoneCode":"+371",
    "capital":"Riga",
    "abbr":"LVA"
    },
    {
    "name":"Lebanon",
    "phoneCode":"+961",
    "capital":"Beirut",
    "abbr":"LBN"
    },
    {
    "name":"Lesotho",
    "phoneCode":"+266",
    "capital":"Maseru",
    "abbr":"LSO"
    },
    {
    "name":"Liberia",
    "phoneCode":"+231",
    "capital":"Monrovia",
    "abbr":"LBR"
    },
    {
    "name":"Libya",
    "phoneCode":"+218",
    "capital":"Tripoli",
    "abbr":"LBY"
    },
    {
    "name":"Liechtenstein",
    "phoneCode":"+423",
    "capital":"Vaduz",
    "abbr":"LIE"
    },
    {
    "name":"Lithuania",
    "phoneCode":"+370",
    "capital":"Vilnius",
    "abbr":"LTU"
    },
    {
    "name":"Luxembourg",
    "phoneCode":"+352",
    "capital":"Luxembourg(city)",
    "abbr":"LUX"
    },
    {
    "name":"Macao",
    "phoneCode":"+853",
    "capital":"Macao",
    "abbr":"MAC"
    },
    {
    "name":"Macedonia",
    "phoneCode":"+389",
    "capital":"Skopje",
    "abbr":"MKD"
    },
    {
    "name":"Madagascar",
    "phoneCode":"+261",
    "capital":"Antananarivo",
    "abbr":"MDG"
    },
    {
    "name":"Malawi",
    "phoneCode":"+265",
    "capital":"Lilongwe",
    "abbr":"MWI"
    },
    {
    "name":"Malaysia",
    "phoneCode":"+60",
    "capital":"Kuala Lumpur",
    "abbr":"MYS"
    },
    {
    "name":"Maldives",
    "phoneCode":"+960",
    "capital":"Male",
    "abbr":"MDV"
    },
    {
    "name":"Mali",
    "phoneCode":"+223",
    "capital":"Bamako",
    "abbr":"MLI"
    },
    {
    "name":"Malta",
    "phoneCode":"+356",
    "capital":"Valletta",
    "abbr":"MLT"
    },
    {
    "name":"Marshall Islands",
    "phoneCode":"+692",
    "capital":"Majuro",
    "abbr":"MHL"
    },
    {
    "name":"Martinique",
    "phoneCode":"+596",
    "capital":"Fort-de-France",
    "abbr":"MTQ"
    },
    {
    "name":"Mauritania",
    "phoneCode":"+222",
    "capital":"Nouakchott",
    "abbr":"MRT"
    },
    {
    "name":"Mauritius",
    "phoneCode":"+230",
    "capital":"Port Louis",
    "abbr":"MUS"
    },
    {
    "name":"Mayotte",
    "phoneCode":"+262",
    "capital":"Mamoudzou",
    "abbr":"MYT"
    },
    {
    "name":"Mexico",
    "phoneCode":"+52",
    "capital":"Mexico City",
    "abbr":"MEX"
    },
    {
    "name":"Micronesia",
    "phoneCode":"+691",
    "capital":"Palikir",
    "abbr":"MIC"
    },
    {
    "name":"Moldova",
    "phoneCode":"+373",
    "capital":"Chisinau",
    "abbr":"MDA"
    },
    {
    "name":"Monaco",
    "phoneCode":"+377",
    "capital":"Monaco",
    "abbr":"MCO"
    },
    {
    "name":"Mongolia",
    "phoneCode":"+976",
    "capital":"Ulaanbaatar",
    "abbr":"MNG"
    },
    {
    "name":"Montenegro",
    "phoneCode":"+382",
    "capital":"Podgorica",
    "abbr":"MNE"
    },
    {
    "name":"Montserrat",
    "phoneCode":"+1-664",
    "capital":"Plymouth",
    "abbr":"MSR"
    },
    {
    "name":"Morocco",
    "phoneCode":"+212",
    "capital":"Rabat",
    "abbr":"MAR"
    },
    {
    "name":"Mozambique",
    "phoneCode":"+258",
    "capital":"Maputo",
    "abbr":"MOZ"
    },
    {
    "name":"Myanmar",
    "phoneCode":"+95",
    "capital":"Naypyidaw",
    "abbr":"MMR"
    },
    {
    "name":"Namibia",
    "phoneCode":"+264",
    "capital":"Windhoek",
    "abbr":"NAM"
    },
    {
    "name":"Nauru",
    "phoneCode":"+674",
    "capital":"Yaren District",
    "abbr":"NRU"
    },
    {
    "name":"Nepal",
    "phoneCode":"+977",
    "capital":"Kathmandu",
    "abbr":"NPL"
    },
    {
    "name":"Netherlands",
    "phoneCode":"+31",
    "capital":"Amsterdam",
    "abbr":"NLD"
    },
    {
    "name":"Netherlands Antilles",
    "phoneCode":"+599",
    "capital":"willemstad",
    "abbr":"ANT"
    },
    {
    "name":"New Caledonia",
    "phoneCode":"+687",
    "capital":"Noumea",
    "abbr":"NCL"
    },
    {
    "name":"New Zealand",
    "phoneCode":"+64",
    "capital":"Wellington",
    "abbr":"NZL"
    },
    {
    "name":"Nicaragua",
    "phoneCode":"+505",
    "capital":"Managua",
    "abbr":"NIC"
    },
    {
    "name":"Niger",
    "phoneCode":"+227",
    "capital":"Niamey",
    "abbr":"NER"
    },
    {
    "name":"Nigeria",
    "phoneCode":"+234",
    "capital":"Abuja",
    "abbr":"NGA"
    },
    {
    "name":"Niue",
    "phoneCode":"+683",
    "capital":"Alofi",
    "abbr":"NIU"
    },
    {
    "name":"Norfolk Island",
    "phoneCode":"+672",
    "capital":"‎Kingston",
    "abbr":"NFK"
    },
    {
    "name":"North Korea",
    "phoneCode":"+850",
    "capital":"Pyongyang",
    "abbr":"PRK"
    },
    {
    "name":"Northern Mariana Islands",
    "phoneCode":"+1-670",
    "capital":"Saipan",
    "abbr":"MNP"
    },
    {
    "name":"North Macedonia",
    "phoneCode":"+389",
    "capital":"Skopje",
    "abbr":"MNP"
    },
    {
    "name":"Norway",
    "phoneCode":"+47",
    "capital":"Oslo",
    "abbr":"NOR"
    },
    {
    "name":"Oman",
    "phoneCode":"+968",
    "capital":"Muscat",
    "abbr":"OMN"
    },
    {
    "name":"Pakistan",
    "phoneCode":"+92",
    "capital":"Islamabad",
    "abbr":"PAK"
    },
    {
    "name":"Palau",
    "phoneCode":"+680",
    "capital":"Ngerulmud",
    "abbr":"PLW"
    },
    {
    "name":"Palestine",
    "phoneCode":"+970",
    "capital":"Jerusalem(East)",
    "abbr":"PSE"
    },
    {
    "name":"Panama",
    "phoneCode":"+507",
    "capital":"Panama City",
    "abbr":"PAN"
    },
    {
    "name":"Papua New Guinea",
    "phoneCode":"+675",
    "capital":"Port Moresby",
    "abbr":"PNG"
    },
    {
    "name":"Paraguay",
    "phoneCode":"+595",
    "capital":"Asunción",
    "abbr":"PRY"
    },
    {
    "name":"Peru",
    "phoneCode":"+51",
    "capital":"Lima",
    "abbr":"PER"
    },
    {
    "name":"Philippines",
    "phoneCode":"+63",
    "capital":"Manila",
    "abbr":"PHL"
    },
    {
    "name":"Poland",
    "phoneCode":"+48",
    "capital":"Warsaw",
    "abbr":"POL"
    },
    {
    "name":"Portugal",
    "phoneCode":"+351",
    "capital":"Lisbon",
    "abbr":"PRT"
    },
    {
    "name":"Puerto Rico",
    "phoneCode":"+1-787",
    "capital":"San Juan",
    "abbr":"PRI"
    },
    {
    "name":"Qatar",
    "phoneCode":"+974",
    "capital":"Doha",
    "abbr":"QAT"
    },
    {
    "name":"Republic Of The Congo",
    "phoneCode":"+242",
    "capital":"Brazaville",
    "abbr":"ROC"
    },
    {
    "name":"Réunion",
    "phoneCode":"+262",
    "capital":"Saint-Denis",
    "abbr":"REU"
    },
    {
    "name":"Romania",
    "phoneCode":"+40",
    "capital":"Bucharest",
    "abbr":"ROU"
    },
    {
    "name":"Russia",
    "phoneCode":"+7",
    "capital":"Moscow",
    "abbr":"RUS"
    },
    {
    "name":"Rwanda",
    "phoneCode":"+250",
    "capital":"Kigali",
    "abbr":"RWA"
    },
    {
    "name":"Saint Barthélemy",
    "phoneCode":"+590",
    "capital":"Gustavia",
    "abbr":"BLM"
    },
    {
    "name":"Saint Helena",
    "phoneCode":"+290",
    "capital":"Jamestown",
    "abbr":"SHN"
    },
    {
    "name":"Saint Kitts and Nevis",
    "phoneCode":"+1-869",
    "capital":"Basseterre",
    "abbr":"KNA"
    },
    {
    "name":"Saint Martin",
    "phoneCode":"+590",
    "capital":"Marigot",
    "abbr":"MAF"
    },
    {
    "name":"Saint Pierre and Miquelon",
    "phoneCode":"+508",
    "capital":"Saint-Pierre",
    "abbr":"SPM"
    },
    {
    "name":"Saint Vincent and the Grenadines",
    "phoneCode":"+1-784",
    "capital":"Kingstown",
    "abbr":"VCT"
    },
    {
    "name":"Samoa",
    "phoneCode":"+685",
    "capital":"Apia",
    "abbr":"WSM"
    },
    {
    "name":"San Marino",
    "phoneCode":"+378",
    "capital":"San Marino",
    "abbr":"SMR"
    },
    {
    "name":"São Tomé and Príncipe",
    "phoneCode":"+239",
    "capital":"São Tomé",
    "abbr":"STP"
    },
    {
    "name":"Saudi Arabia",
    "phoneCode":"+966",
    "capital":"Riyadh",
    "abbr":"SAU"
    },
    {
    "name":"Senegal",
    "phoneCode":"+221",
    "capital":"Dakar",
    "abbr":"SEN"
    },
    {
    "name":"Serbia",
    "phoneCode":"+381",
    "capital":"Belgrade",
    "abbr":"SRB"
    },
    {
    "name":"Seychelles",
    "phoneCode":"+248",
    "capital":"Victoria",
    "abbr":"SYC"
    },
    {
    "name":"Sierra Leone",
    "phoneCode":"+232",
    "capital":"Freetown",
    "abbr":"SLE"
    },
    {
    "name":"Singapore",
    "phoneCode":"+65",
    "capital":"Singapore",
    "abbr":"SGP"
    },
    {
    "name":"Sint Maarten (Dutch part)",
    "phoneCode":"+1-721",
    "capital":"Phillipsburg",
    "abbr":"SXM"
    },
    {
    "name":"Slovakia",
    "phoneCode":"+421",
    "capital":"Bratislava",
    "abbr":"SVK"
    },
    {
    "name":"Slovenia",
    "phoneCode":"+386",
    "capital":"Ljubljana",
    "abbr":"SVN"
    },
    {
    "name":"Solomon Islands",
    "phoneCode":"+677",
    "capital":"Honiara",
    "abbr":"SLB"
    },
    {
    "name":"Somalia",
    "phoneCode":"+252",
    "capital":"Mogadishu",
    "abbr":"SOM"
    },
    {
    "name":"South Africa",
    "phoneCode":"+27",
    "capital":"Pretoria, Cape Town, Bloemfontein ",
    "abbr":"ZAF"
    },
    {
    "name":"South Korea",
    "phoneCode":"+82",
    "capital":"Seoul",
    "abbr":"KOR"
    },
    {
    "name":"South Sudan",
    "phoneCode":"+211",
    "capital":"Juba",
    "abbr":"SSD"
    },
    {
    "name":"Spain",
    "phoneCode":"+34",
    "capital":"Madrid",
    "abbr":"ESP"
    },
    {
    "name":"Sri Lanka",
    "phoneCode":"+94",
    "capital":"Sri Jayawardenepura Kotte",
    "abbr":"LKA"
    },
    {
    "name":"Saint Lucia",
    "phoneCode":"+1-758",
    "capital":"Castries",
    "abbr":"LCA"
    },
    {
    "name":"Sudan",
    "phoneCode":"+249",
    "capital":"Khartoum",
    "abbr":"SDN"
    },
    {
    "name":"Suriname",
    "phoneCode":"+597",
    "capital":"Paramaribo",
    "abbr":"SUR"
    },
    {
    "name":"Swaziland",
    "phoneCode":"+268",
    "capital":"Mbabane",
    "abbr":"SWZ"
    },
    {
    "name":"Sweden",
    "phoneCode":"+46",
    "capital":"Stockholm",
    "abbr":"SWE"
    },
    {
    "name":"Switzerland",
    "phoneCode":"+41",
    "capital":"Bern",
    "abbr":"CHE"
    },
    {
    "name":"Syrian Arab Republic",
    "phoneCode":"+963",
    "capital":"Damascus",
    "abbr":"SYR"
    },
    {
    "name":"Taiwan",
    "phoneCode":"+886",
    "capital":"Taipei",
    "abbr":"TWN"
    },
    {
    "name":"Tajikistan",
    "phoneCode":"+992",
    "capital":"Dushanbe",
    "abbr":"TJK"
    },
    {
    "name":"Tanzania",
    "phoneCode":"+255",
    "capital":"Dodoma",
    "abbr":"TZA"
    },
    {
    "name":"Thailand",
    "phoneCode":"+66",
    "capital":"Bangkok",
    "abbr":"THA"
    },
   
    {
    "name":"Timor-Leste",
    "phoneCode":"+670",
    "capital":"Dili",
    "abbr":"TLS"
    },
    {
    "name":"Togo",
    "phoneCode":"+228",
    "capital":"Lomé",
    "abbr":"TGO"
    },
    {
    "name":"Tokelau",
    "phoneCode":"+690",
    "capital":"(UNDETERMINED)",
    "abbr":"TKL"
    },
    {
    "name":"Tonga",
    "phoneCode":"+676",
    "capital":"Nukuʻalofa",
    "abbr":"TON"
    },
    {
    "name":"Trinidad and Tobago",
    "phoneCode":"+1-868",
    "capital":"Port of Spain",
    "abbr":"TTO"
    },
    {
    "name":"Tunisia",
    "phoneCode":"+216",
    "capital":"Tunis",
    "abbr":"TUN"
    },
    {
    "name":"Turkey",
    "phoneCode":"+90",
    "capital":"Ankara",
    "abbr":"TUR"
    },
    {
    "name":"Turkmenistan",
    "phoneCode":"+993",
    "capital":"Ashgabat",
    "abbr":"TKM"
    },
    {
    "name":"Turks and Caicos Islands",
    "phoneCode":"+1-649",
    "capital":"Cockburn Town",
    "abbr":"TCA"
    },
    {
    "name":"Tuvalu",
    "phoneCode":"+688",
    "capital":"Funafuti",
    "abbr":"TUV"
    },
    {
    "name":"Uganda",
    "phoneCode":"+256",
    "capital":"Kampala",
    "abbr":"UGA"
    },
    {
    "name":"Ukraine",
    "phoneCode":"+380",
    "capital":"Kyiv ",
    "abbr":"UKR"
    },
    {
    "name":"United Arab Emirates",
    "phoneCode":"+971",
    "capital":"Abu Dhabi",
    "abbr":"ARE"
    },
    {
    "name":"United Kingdom",
    "phoneCode":"+44",
    "capital":"London",
    "abbr":"GBR"
    },
    {
    "name":"United States",
    "phoneCode":"+1",
    "capital":"Washington, D.C.",
    "abbr":"USA"
    },
    {
    "name":"Uruguay",
    "phoneCode":"+598",
    "capital":"Montevideo",
    "abbr":"URY"
    },
    {
    "name":"U.S. Virgin Islands",
    "phoneCode":"+1-340",
    "capital":"CHARLOTTE AMALIE",
    "abbr":"VIR"
    },
    {
    "name":"Uzbekistan",
    "phoneCode":"+998",
    "capital":"Tashkent",
    "abbr":"UZB"
    },
    {
    "name":"Vanuatu",
    "phoneCode":"+678",
    "capital":"Port Vila",
    "abbr":"VUT"
    },
    {
    "name":"Vatican City",
    "phoneCode":"+39",
    "capital":"Vatican City",
    "abbr":"VAT"
    },
    {
    "name":"Venezuela",
    "phoneCode":"+58",
    "capital":"Caracas",
    "abbr":"VEN"
    },
    {
    "name":"Vietnam",
    "phoneCode":"+84",
    "capital":"Hanoi",
    "abbr":"VNM"
    },
    {
    "name":"Wallis and Futuna",
    "phoneCode":"+681",
    "capital":"Mata Utu",
    "abbr":"WLF"
    },
    {
    "name":"Yemen",
    "phoneCode":"+967",
    "capital":"Sana'a",
    "abbr":"YEM"
    },
    {
    "name":"Zambia",
    "phoneCode":"+260",
    "capital":"Lusaka",
    "abbr":"ZMB"
    },
    {
    "name":"Zimbabwe",
    "phoneCode":"+263",
    "capital":"Harare",
    "abbr":"ZWE"
    }
    ]